subject,freedson,predicting,diff
LSM210,97.53333333,102.0666667,4.533333369999994
LSM231,98.58333333,99.75,1.166666669999998
LSM267,90.05,93.98333333,3.9333333299999964
