subject,freedson,predicting,diff
LSM210,5.266666667,4.816666667,-0.4500000000000002
LSM231,11.26666667,23.85,12.583333330000002
LSM267,9.083333332999999,8.35,-0.7333333329999991
